epoch,train_loss,eval_loss,eval_top1,eval_top5,lr
0,6.918349294207982,6.913006953125,0.148,0.572,1e-05
1,5.86354936816402,4.568087402038574,12.332,30.73,0.020008
2,4.9622416139923375,4.046566257019043,18.524,41.726,0.04000600000000001
3,4.720078735444939,4.031207212066651,19.258,42.356,0.06000400000000001
4,4.678860944448169,3.914969935760498,20.898,45.074,0.080002
5,4.704099985111818,4.0161995501708985,19.736,42.96,0.0993844170297569
6,4.646432001615263,3.9619686180114746,20.512,44.178,0.09911436253643445
7,4.617105950555526,4.094566304473877,19.71,42.136,0.09879583809693737
8,4.589421643924018,3.9271518446350098,21.258,45.06,0.09842915805643156
9,4.574244914134431,3.879229737701416,21.762,46.35,0.09801468428384716
10,4.561167306839997,3.8975264514160157,21.798,45.742,0.09755282581475769
11,4.55139766948089,3.8648012228393553,22.02,46.406,0.09704403844771128
12,4.537504823168075,4.037231305847168,20.39,43.054,0.09648882429441258
13,4.529057495576636,3.8572430462646485,22.078,46.662,0.09588773128419906
14,4.518614105440327,3.8103944131469727,23.058,47.466,0.09524135262330098
15,4.506294204324308,4.057187243347168,19.78,42.7,0.09455032620941839
16,4.498382698252123,3.8217437519836426,22.736,47.238,0.09381533400219318
17,4.491976173980001,3.978541440124512,21.04,44.686,0.09303710135019719
18,4.482465885202181,3.770010294342041,23.324,48.44,0.09221639627510075
19,4.473900340560767,3.8593197857666017,22.768,47.068,0.0913540287137281
20,4.466185731003604,4.089425470428467,19.568,42.022,0.09045084971874738
21,4.457125512021252,3.8085062873840334,23.328,47.712,0.08950775061878452
22,4.446259741850316,3.8158000143432615,22.988,47.294,0.08852566213878947
23,4.437371475854493,3.7507986360168455,24.0,48.668,0.08750555348152299
24,4.431491261322261,3.711152318572998,24.186,49.162,0.08644843137107058
25,4.417518451528505,3.7530958500671385,23.606,48.342,0.08535533905932738
26,4.40914511223251,3.73871652633667,24.474,49.544,0.08422735529643444
27,4.398793674727779,3.755961748504639,24.132,48.736,0.0830655932661826
28,4.386705887640424,3.7491404483032227,24.154,49.17,0.08187119948743449
29,4.37813577688661,3.7934292269897463,23.276,47.674,0.08064535268264883
30,4.366359726152812,3.7596529861450194,23.744,48.246,0.07938926261462367
31,4.357705778741661,3.8222825914001466,23.322,47.468,0.07810416889260655
32,4.343470784236006,3.585980928955078,26.224,51.522,0.07679133974894983
33,4.331928075163833,3.6218016441345213,25.878,51.396,0.07545207078751857
34,4.319048491804878,3.6976975498962403,23.922,49.59,0.07408768370508577
35,4.306108342266092,3.627047138977051,25.602,51.304,0.07269952498697733
36,4.293938876413206,3.56850624420166,26.388,52.112,0.07128896457825364
37,4.2799278345126135,3.6377247148132326,25.3,50.414,0.06985739453173903
38,4.2657794942388,3.5819932296752928,26.504,51.992,0.06840622763423392
39,4.252287208908909,3.4482469644165037,28.884,54.54,0.06693689601226459
40,4.236550934344027,3.4512500309753418,28.476,54.312,0.06545084971874737
41,4.222779629911525,3.424136685180664,28.496,55.26,0.06394955530196147
42,4.208212081268124,3.491096318664551,28.416,54.322,0.062434494358242734
43,4.19572075366831,3.6150646000671385,26.168,51.644,0.06090716206982714
44,4.177011372862263,3.3437140698242187,30.042,56.566,0.05936906572928624
45,4.163770039320492,3.398577944946289,29.662,56.266,0.05782172325201155
46,4.144628340124381,3.38500982421875,29.696,55.612,0.05626666167821523
47,4.131626142870952,3.3395382194519043,30.772,57.068,0.05470541566592572
48,4.111057923811753,3.2590645306396486,31.05,57.93,0.05313952597646568
49,4.094219478173074,3.3034905868530275,30.482,56.868,0.05157053795390642
50,4.07682281639064,3.36672709274292,29.84,56.028,0.05
51,4.0581545005824635,3.2952723348999022,31.234,57.316,0.04842946204609359
52,4.039826757079632,3.2507430978393557,31.896,58.512,0.04686047402353433
53,4.019502256928725,3.2600641955566405,31.926,58.004,0.04529458433407429
54,3.999575375557803,3.1026072760009766,34.226,60.808,0.0437333383217848
55,3.980174952971136,3.214691429672241,32.142,58.784,0.042178276747988463
56,3.9629862897581174,3.1879505104064942,32.708,59.134,0.04063093427071377
57,3.9397391401836477,3.174424963684082,33.332,59.852,0.03909283793017289
58,3.9195701791780646,3.073019638671875,34.722,61.598,0.03756550564175726
59,3.900992893841565,3.0574822717285155,35.176,61.87,0.036050444698038545
60,3.8783724016690186,3.1852808636474608,32.846,59.458,0.03454915028125265
61,3.856615783332385,3.019487229309082,36.016,62.946,0.03306310398773543
62,3.8335351822961994,2.902467292175293,37.826,64.544,0.03159377236576612
63,3.8103438378190266,2.911773244628906,37.656,64.3,0.030142605468260964
64,3.788653291013765,2.8909582000732423,38.016,65.082,0.02871103542174637
65,3.7640357712596932,2.9334767886352537,37.312,64.328,0.027300475013022664
66,3.741795365657229,2.8542293869018556,38.32,65.122,0.02591231629491423
67,3.7165852065852905,2.7747743508911134,40.004,66.848,0.024547929212481435
68,3.693442713143597,2.8153208003234864,39.222,66.294,0.02320866025105016
69,3.6675218973665737,2.7890549673461913,39.766,66.414,0.021895831107393467
70,3.642192213241603,2.7526488208007813,40.762,66.794,0.02061073738537635
71,3.618339199633469,2.734529467315674,40.688,67.13,0.019354647317351172
72,3.5901538738302565,2.6907265196228027,42.35,68.916,0.018128800512565515
73,3.5638459766169555,2.5899440681457517,43.2,69.844,0.016934406733817416
74,3.5374708100386654,2.6929777839660645,41.532,68.0,0.015772644703565566
75,3.5098982375155727,2.550445489196777,44.028,70.746,0.014644660940672627
76,3.482424505655672,2.4864128332519533,45.152,71.81,0.013551568628929435
77,3.452649828675196,2.509009054107666,44.54,70.844,0.012494446518477021
78,3.4270143801425883,2.4657217518615724,45.386,71.726,0.011474337861210543
79,3.380491203284666,2.3941730011749267,46.698,72.728,0.01049224938121548
80,3.3535058259701964,2.403383454284668,46.892,72.916,0.009549150281252633
81,3.3397336665037356,2.367022788543701,47.934,73.842,0.008645971286271915
82,3.3101339109390095,2.2778255320739746,49.116,74.66,0.007783603724899258
83,3.2820680359882224,2.2833314583587647,49.238,74.85,0.006962898649802813
84,3.2490536119688023,2.242970778198242,50.052,75.666,0.006184665997806821
85,3.2181563847119046,2.19758492767334,51.144,76.386,0.005449673790581611
86,3.18783116328727,2.1670989102172853,52.03,76.9,0.004758647376699033
87,3.1566608160308385,2.1201309873962404,53.056,77.72,0.004112268715800955
88,3.126684640930516,2.068748391418457,54.072,78.414,0.0035111757055874327
89,3.094286850299353,2.067211124649048,53.618,78.414,0.0029559615522887273
90,3.0653709160935,2.02183996925354,54.78,79.088,0.0024471741852423235
91,3.0317243827498155,1.9603813804626464,56.026,79.938,0.0019853157161528524
92,3.003217494860552,1.9511077278137208,56.28,80.258,0.0015708419435684518
93,2.971108793223794,1.9173981970214844,57.206,80.776,0.0012041619030626338
94,2.942687730449029,1.8988126023864746,57.966,81.272,0.000885637463565564
95,2.91540434339304,1.8541316402435302,58.334,81.53,0.0006155829702431171
96,2.888577277682523,1.8253495807647706,58.91,81.938,0.0003942649342761118
97,2.8678220290501213,1.8150772872161864,59.174,82.098,0.0002219017698460002
98,2.8542097738446834,1.8076423442077636,59.452,82.278,9.866357858642206e-05
99,2.844283835968184,1.7958559244537353,59.52,82.334,2.467198171342e-05
